{
  "INVOICE NO. KEY": [
    {
      "x": 181.86666666666667,
      "y": 1207.6323368932692,
      "width": 294.84444444444443,
      "height": 74.375166474979,
      "key": "| INVOICE N\u00b0"
    }
  ],
  "INVOICE NO. VAL": [
    {
      "x": 504.26666666666665,
      "y": 1196.613793711791,
      "width": 347.2,
      "height": 99.16688863330522,
      "key": null
    }
  ],
  "DATE KEY": [
    {
      "x": 165.33333333333331,
      "y": 2995.9419919217426,
      "width": 248,
      "height": 68.86589488423952,
      "key": "Due date"
    }
  ],
  "DATE VAL": [
    {
      "x": 851.4666666666667,
      "y": 2982.168812944895,
      "width": 330.66666666666663,
      "height": 77.12980227034826,
      "key": null
    }
  ],
  "DUE DATE KEY": [
    {
      "x": 168.08888888888887,
      "y": 1082.020938319555,
      "width": 168.08888888888887,
      "height": 66.11125908887026,
      "key": "Brussels"
    }
  ],
  "DUE DATE VAL": [
    {
      "x": 355.46666666666664,
      "y": 1084.7755741149244,
      "width": 256.26666666666665,
      "height": 52.338080112022354,
      "key": null
    }
  ],
  "IBAN KEY": [
    {
      "x": 157.06666666666666,
      "y": 2643.348610114435,
      "width": 597.9555555555555,
      "height": 85.39370965645732,
      "key": "Payable to the bank account"
    }
  ],
  "IBAN VAL": [
    {
      "x": 879.0222222222222,
      "y": 2651.612517500544,
      "width": 427.1111111111111,
      "height": 57.8473517027612,
      "key": null
    }
  ],
  "BIC/SWIFT KEY": [
    {
      "x": 1330.9333333333334,
      "y": 2647.755960135176,
      "width": 74.39999999999999,
      "height": 60.601987498131095,
      "key": "BIC"
    }
  ],
  "BIC/SWIFT VAL": [
    {
      "x": 1405.3333333333333,
      "y": 2646.1031618449915,
      "width": 248,
      "height": 74.375166474979,
      "key": null
    }
  ],
  "TVA KEY": [
    {
      "x": 1173.8666666666666,
      "y": 938.2289687158452,
      "width": 148.79999999999998,
      "height": 68.86589488423984,
      "key": "VAT Nr"
    }
  ],
  "TVA VAL": [
    {
      "x": 1352.9777777777776,
      "y": 932.719697125106,
      "width": 325.15555555555557,
      "height": 68.86589488423984,
      "key": null
    }
  ],
  "TOTAL AMOUNT KEY": [
    {
      "x": 154.3111111111111,
      "y": 2530.4084584394686,
      "width": 341.68888888888887,
      "height": 55.09271590739162,
      "key": "Total amount"
    }
  ],
  "TOTAL AMOUNT VAL": [
    {
      "x": 876.2666666666667,
      "y": 2533.1630942348384,
      "width": 330.66666666666663,
      "height": 85.39370965645732,
      "key": null
    }
  ]
}