{
  "IBAN KEY": [
    {
      "x": 115.25995330810547,
      "y": 468.64924586279886,
      "width": 99.45,
      "height": 50.995564535526995,
      "key": "IBAN:"
    }
  ],
  "IBAN VAL": [
    {
      "x": 222.35995330810547,
      "y": 471.1990240895752,
      "width": 512.55,
      "height": 43.34622985519797,
      "key": null
    }
  ]
}