{
  "INVOICE NO. KEY": [
    {
      "x": 1703.9099533081055,
      "y": 148.39708501707798,
      "width": 204,
      "height": 53.54534276230335,
      "key": "Facture N\u00b0"
    }
  ],
  "INVOICE NO. VAL": [
    {
      "x": 1923.2099533081055,
      "y": 150.94686324385432,
      "width": 216.75,
      "height": 53.54534276230335,
      "key": null
    }
  ],
  "IBAN KEY": [
    {
      "x": 107.60995330810547,
      "y": 472.2189198176745,
      "width": 96.9,
      "height": 43.34622985519797,
      "key": "IBAN"
    }
  ],
  "IBAN VAL": [
    {
      "x": 222.35995330810547,
      "y": 467.1193633641218,
      "width": 515.1,
      "height": 45.89600808197429,
      "key": null
    }
  ],
  "BIC/SWIFT KEY": [
    {
      "x": 94.85995330810547,
      "y": 515.5651496728725,
      "width": 99.45,
      "height": 66.29423389618505,
      "key": "BIC:"
    }
  ],
  "BIC/SWIFT VAL": [
    {
      "x": 196.85995330810547,
      "y": 518.1149278996488,
      "width": 232.05,
      "height": 53.545342762303385,
      "key": null
    }
  ],
  "DATE KEY": [
    {
      "x": 1706.4599533081055,
      "y": 209.59176245971037,
      "width": 323.85,
      "height": 45.89600808197429,
      "key": "Date de la facture:"
    }
  ],
  "DATE VAL": [
    {
      "x": 2037.9599533081055,
      "y": 209.59176245971037,
      "width": 198.9,
      "height": 50.995564535526995,
      "key": null
    }
  ],
  "DUE DATE KEY": [
    {
      "x": 1716.6599533081055,
      "y": 263.1371052220137,
      "width": 295.8,
      "height": 63.7444556694088,
      "key": "Date d'\u00e9ch\u00e9ance:"
    }
  ],
  "DUE DATE VAL": [
    {
      "x": 2025.2099533081055,
      "y": 270.27649203829316,
      "width": 234.6,
      "height": 40.796451628421615,
      "key": null
    }
  ],
  "TVA KEY": [
    {
      "x": 107.60995330810547,
      "y": 410.51429451099244,
      "width": 94.35,
      "height": 50.995564535526995,
      "key": "TVA:"
    }
  ],
  "TVA VAL": [
    {
      "x": 209.60995330810547,
      "y": 399.29527067792515,
      "width": 280.5,
      "height": 71.39379034973783,
      "key": null
    }
  ],
  "TOTAL AMOUNT KEY": [
    {
      "x": 1747.2599533081054,
      "y": 1103.0340764660605,
      "width": 311.1,
      "height": 63.74445566940865,
      "key": "Total TVAC"
    }
  ],
  "TOTAL AMOUNT VAL": [
    {
      "x": 2117.0099533081057,
      "y": 1103.0340764660605,
      "width": 285.6,
      "height": 73.94356857651407,
      "key": null
    }
  ],
  "TABLE KEY": [
    {
      "x": 1701.3599533081056,
      "y": 649.173542373238,
      "width": 390.15,
      "height": 45.89600808197429,
      "key": "BE 0435.018.274"
    }
  ],
  "TABLE VAL": [
    {
      "x": 92.30995330810546,
      "y": 728.7266152673545,
      "width": 2340.9,
      "height": 484.4578630875065,
      "key": null
    }
  ]
}