{
  "IBAN KEY": [
    {
      "x": 99.95995330810547,
      "y": 465.5894808654447,
      "width": 117.3,
      "height": 48.44578630875068,
      "key": "IBAN:"
    }
  ],
  "IBAN VAL": [
    {
      "x": 227.45995330810547,
      "y": 468.13925909222104,
      "width": 487.05,
      "height": 50.995564535527066,
      "key": null
    }
  ],
  "BIC/SWIFT KEY": [
    {
      "x": 107.60995330810547,
      "y": 529.3339365348535,
      "width": 86.7,
      "height": 43.34622985519797,
      "key": "BIC:"
    }
  ],
  "BIC/SWIFT VAL": [
    {
      "x": 201.95995330810547,
      "y": 524.2343800813009,
      "width": 234.6,
      "height": 58.64489921585602,
      "key": null
    }
  ],
  "DATE KEY": [
    {
      "x": 1711.5599533081056,
      "y": 210.61165818780967,
      "width": 318.75,
      "height": 58.64489921585606,
      "key": "Date de la facture:"
    }
  ],
  "DATE VAL": [
    {
      "x": 2050.7099533081055,
      "y": 205.51210173425696,
      "width": 198.9,
      "height": 48.44578630875068,
      "key": null
    }
  ],
  "DUE DATE KEY": [
    {
      "x": 1693.7099533081055,
      "y": 264.157000950113,
      "width": 316.2,
      "height": 56.09512098907974,
      "key": "Date d'\u00e9ch\u00e9ance"
    }
  ],
  "DUE DATE VAL": [
    {
      "x": 2020.1099533081056,
      "y": 266.70677917688937,
      "width": 204,
      "height": 43.34622985519797,
      "key": null
    }
  ],
  "TOTAL AMOUNT KEY": [
    {
      "x": 1719.2099533081055,
      "y": 1085.185628878626,
      "width": 334.05,
      "height": 104.5409072978303,
      "key": "Total TVAC"
    }
  ],
  "TOTAL AMOUNT VAL": [
    {
      "x": 2078.7599533081057,
      "y": 1103.0340764660605,
      "width": 316.2,
      "height": 84.14268148361948,
      "key": null
    }
  ],
  "TABLE KEY": [
    {
      "x": 686.4599533081055,
      "y": 731.7863510848126,
      "width": 232.05,
      "height": 89.24223793717226,
      "key": "Nom"
    }
  ],
  "TABLE VAL": [
    {
      "x": 84.65995330810547,
      "y": 691.4998473204406,
      "width": 2348.55,
      "height": 504.8560889017173,
      "key": null
    }
  ]
}