{
  "IBAN KEY": [
    {
      "x": 801.8591545715333,
      "y": 2302.966023338303,
      "width": 121.569,
      "height": 59.54663201166947,
      "key": "IBAN"
    }
  ],
  "IBAN VAL": [
    {
      "x": 935.8331545715332,
      "y": 2303.4622755587166,
      "width": 771.591,
      "height": 44.659974008751966,
      "key": null
    }
  ],
  "BIC/SWIFT KEY": [
    {
      "x": 1059.8831545715332,
      "y": 2355.5655785689273,
      "width": 84.354,
      "height": 69.47107068028133,
      "key": "BIC"
    }
  ],
  "BIC/SWIFT VAL": [
    {
      "x": 1171.5281545715332,
      "y": 2363.0089075703863,
      "width": 253.062,
      "height": 42.17886434159914,
      "key": null
    }
  ],
  "DATE KEY": [
    {
      "x": 69.9641545715332,
      "y": 817.7737425077221,
      "width": 163.746,
      "height": 57.06552234451665,
      "key": "Paris, le"
    }
  ],
  "DATE VAL": [
    {
      "x": 246.11515457153322,
      "y": 802.8870845048048,
      "width": 307.644,
      "height": 91.80105768465718,
      "key": null
    }
  ],
  "DUE DATE KEY": [
    {
      "x": 357.76015457153323,
      "y": 1914.9204865390814,
      "width": 138.936,
      "height": 89.31994801750422,
      "key": "; tard le"
    }
  ],
  "DUE DATE VAL": [
    {
      "x": 514.0631545715332,
      "y": 1907.4771575376226,
      "width": 260.505,
      "height": 104.20660602042172,
      "key": null
    }
  ],
  "TVA KEY": [
    {
      "x": 407.38015457153324,
      "y": 636.6527462702429,
      "width": 436.656,
      "height": 59.54663201166947,
      "key": "Intracommunautaire :"
    }
  ],
  "TVA VAL": [
    {
      "x": 858.9221545715333,
      "y": 631.6905269359371,
      "width": 349.821,
      "height": 59.546632011669544,
      "key": null
    }
  ],
  "TOTAL AMOUNT KEY": [
    {
      "x": 1099.5791545715333,
      "y": 1686.6583593022856,
      "width": 396.96000000000004,
      "height": 109.16882535472737,
      "key": "Montant total HT"
    }
  ],
  "TOTAL AMOUNT VAL": [
    {
      "x": 1848.8411545715333,
      "y": 1679.2150303008268,
      "width": 312.606,
      "height": 104.20660602042172,
      "key": null
    }
  ],
  "TABLE KEY": [
    {
      "x": 325.5071545715332,
      "y": 1264.869715886293,
      "width": 364.707,
      "height": 94.28216735181014,
      "key": "Type prestation"
    }
  ],
  "TABLE VAL": [
    {
      "x": 213.8621545715332,
      "y": 1170.587548534483,
      "width": 1972.395,
      "height": 635.1640747911416,
      "key": null
    }
  ]
}