{
  "IBAN KEY": [
    {
      "x": 757.2011545715333,
      "y": 3417.4805161103677,
      "width": 79.39200000000001,
      "height": 49.62219334305761,
      "key": "- IBAN"
    }
  ],
  "IBAN VAL": [
    {
      "x": 841.5551545715332,
      "y": 3412.518296776062,
      "width": 329.973,
      "height": 52.10330301021044,
      "key": null
    }
  ],
  "BIC/SWIFT KEY": [
    {
      "x": 1181.4521545715334,
      "y": 3412.518296776062,
      "width": 52.101,
      "height": 54.58441267736326,
      "key": "BIC"
    }
  ],
  "BIC/SWIFT VAL": [
    {
      "x": 1243.4771545715332,
      "y": 3414.999406443215,
      "width": 141.417,
      "height": 57.06552234451665,
      "key": null
    }
  ],
  "DATE KEY": [
    {
      "x": 216.3431545715332,
      "y": 953.2423360130797,
      "width": 168.708,
      "height": 86.8388383503514,
      "key": "Houten,"
    }
  ],
  "DATE VAL": [
    {
      "x": 394.9751545715332,
      "y": 955.7234456802325,
      "width": 248.10000000000002,
      "height": 81.87661901604574,
      "key": null
    }
  ],
  "TOTAL AMOUNT KEY": [
    {
      "x": 218.8241545715332,
      "y": 2702.4246797499195,
      "width": 538.3770000000001,
      "height": 94.28216735181014,
      "key": "factuur totaal inclusief btw"
    }
  ],
  "TOTAL AMOUNT VAL": [
    {
      "x": 2059.7261545715332,
      "y": 2714.830228085684,
      "width": 191.037,
      "height": 49.62219334305761,
      "key": null
    }
  ]
}