{
    "IBAN KEY": [
      {
        "key": "IBAN:",
        "x": 110.15995330810547,
        "y": 469.15919372684846,
        "width": 96.9,
        "height": 48.44578630875068
      }
    ],
    "IBAN VAL": [
      {
      
        "x": 219.80995330810546,
        "y": 476.8085284071775,
        "width": 522.75,
        "height": 35.69689517486887
      }
    ],
    "BIC/SWIFT KEY": [
      {
        "key": "BIC:",
        "x": 110.15995330810547,
        "y": 525.2543147159282,
        "width": 76.5,
        "height": 53.545342762303314
      }
    ],
    "BIC/SWIFT VAL": [
      {
        
        "x": 199.40995330810546,
        "y": 525.2543147159282,
        "width": 244.8,
        "height": 48.445786308750606
      }
    ],
    "DATE KEY": [
      {
        "key": "Date de la facture:",
        "x": 1716.6599533081055,
        "y": 211.63159282243709,
        "width": 306,
        "height": 50.99556453552703
      }
    ],
    "DATE VAL": [
      {
        
        "x": 2027.7599533081054,
        "y": 209.08181459566072,
        "width": 239.70000000000002,
        "height": 53.545342762303385
      }
    ],
    "DUE DATE KEY": [
      {
        "key": "Date d'échéance:",
        "x": 1691.1599533081055,
        "y": 257.5276009044114,
        "width": 318.75,
        "height": 66.29423389618512
      }
    ],
    "DUE DATE VAL": [
      {
        
        "x": 2017.5599533081056,
        "y": 270.27649203829316,
        "width": 229.5,
        "height": 61.19467744263245
      }
    ],
    "TVA KEY": [
      {
        "key": "TVA:",
        "x": 102.50995330810547,
        "y": 415.6138509645451,
        "width": 99.45,
        "height": 45.89600808197429
      }
    ],
    "TVA VAL": [
      {
     
        "x": 207.05995330810546,
        "y": 418.16362919132143,
        "width": 262.65,
        "height": 45.89600808197436
      }
    ],
    "TOTAL AMOUNT KEY": [
      {
        "key": "Total TVAC",
        "x": 1721.7599533081054,
        "y": 1100.9942461033338,
        "width": 326.4,
        "height": 66.29423389618512
      }
    ],
    "TOTAL AMOUNT VAL": [
      {
   
        "x": 2060.9099533081053,
        "y": 1111.193359010439,
        "width": 354.45,
        "height": 50.995564535526924
      }
    ],
    "INVOICE NO. KEY": [
      {
        "key": "Facture N:",
        "x": 1703.9099533081055,
        "y": 165.22563687641312,
        "width": 201.45,
        "height": 38.24667340164526
      }
    ],
    "INVOICE NO. VAL": [
      {
        
        "x": 1918.1099533081056,
        "y": 152.47674574253136,
        "width": 232.05,
        "height": 58.64489921585607
      }
    ]
  }