{
  "IBAN KEY": [
    {
      "x": 112.70995330810547,
      "y": 470.6890373189974,
      "width": 107.10000000000001,
      "height": 40.79645162842158,
      "key": "IBAN:"
    }
  ],
  "IBAN VAL": [
    {
      "x": 227.45995330810547,
      "y": 455.3903679583393,
      "width": 497.25,
      "height": 56.0951209890797,
      "key": null
    }
  ],
  "BIC/SWIFT KEY": [
    {
      "x": 110.15995330810547,
      "y": 521.6846018545244,
      "width": 107.10000000000001,
      "height": 45.89600808197429,
      "key": "Swift:"
    }
  ],
  "BIC/SWIFT VAL": [
    {
      "x": 232.55995330810546,
      "y": 521.6846018545244,
      "width": 186.15,
      "height": 45.89600808197429,
      "key": null
    }
  ],
  "DATE KEY": [
    {
      "x": 1869.6599533081055,
      "y": 164.20570224178573,
      "width": 117.3,
      "height": 89.24223793717226,
      "key": "Date:"
    }
  ],
  "DATE VAL": [
    {
      "x": 2027.7599533081054,
      "y": 169.3052586953384,
      "width": 216.75,
      "height": 84.14268148361955,
      "key": null
    }
  ],
  "DUE DATE KEY": [
    {
      "x": 1594.2599533081054,
      "y": 646.113787102516,
      "width": 224.4,
      "height": 71.39379034973774,
      "key": "Date Due :"
    }
  ],
  "DUE DATE VAL": [
    {
      "x": 1836.5099533081054,
      "y": 643.5640088757395,
      "width": 201.45,
      "height": 61.19467744263241,
      "key": null
    }
  ],
  "TVA KEY": [
    {
      "x": 140.75995330810548,
      "y": 644.0739859196852,
      "width": 76.5,
      "height": 61.19467744263241,
      "key": "TIN |"
    }
  ],
  "TVA VAL": [
    {
      "x": 224.9099533081055,
      "y": 638.9744294661326,
      "width": 270.3,
      "height": 63.74445566940872,
      "key": null
    }
  ],
  "TOTAL AMOUNT KEY": [
    {
      "x": 1525.4099533081055,
      "y": 2588.0249001779953,
      "width": 234.6,
      "height": 178.4844758743448,
      "key": "TOTAL:"
    }
  ],
  "TOTAL AMOUNT VAL": [
    {
      "x": 1760.0099533081054,
      "y": 2572.7262308173376,
      "width": 476.85,
      "height": 193.7831452350027,
      "key": null
    }
  ],
  "TABLE KEY": [
    {
      "x": 102.50995330810547,
      "y": 713.4279459066964,
      "width": 239.70000000000002,
      "height": 61.19467744263248,
      "key": "Description"
    }
  ],
  "TABLE VAL": [
    {
      "x": 99.95995330810547,
      "y": 785.8416417111655,
      "width": 2111.4,
      "height": 553.3018752104679,
      "key": null
    }
  ]
}