{
  "IBAN KEY": [
    {
      "x": 263.15995330810546,
      "y": 2806.286009765719,
      "width": 288.15,
      "height": 40.796451628421075,
      "key": "IBAN-ontvanger:"
    }
  ],
  "IBAN VAL": [
    {
      "x": 681.3599533081054,
      "y": 2805.776022995141,
      "width": 392.7,
      "height": 53.54534276230353,
      "key": null
    }
  ],
  "DATE KEY": [
    {
      "x": 324.35995330810545,
      "y": 931.1790079323915,
      "width": 193.8,
      "height": 38.24667340164519,
      "key": "Datum"
    }
  ],
  "DATE VAL": [
    {
      "x": 604.8599533081054,
      "y": 928.6292297056152,
      "width": 252.45000000000002,
      "height": 38.24667340164519,
      "key": null
    }
  ],
  "BIC/SWIFT KEY": [
    {
      "x": 334.5599533081055,
      "y": 851.1159798792513,
      "width": 117.3,
      "height": 35.69689517486887,
      "key": "KvK"
    }
  ],
  "BIC/SWIFT VAL": [
    {
      "x": 622.7099533081055,
      "y": 851.1159798792513,
      "width": 181.05,
      "height": 45.89600808197429,
      "key": null
    }
  ],
  "DUE DATE KEY": [
    {
      "x": 1548.3599533081056,
      "y": 1305.4864521094914,
      "width": 153,
      "height": 50.995564535526924,
      "key": "Periode"
    }
  ],
  "DUE DATE VAL": [
    {
      "x": 1785.5099533081054,
      "y": 1348.8326819646895,
      "width": 234.6,
      "height": 66.29423389618512,
      "key": null
    }
  ],
  "TVA KEY": [
    {
      "x": 337.10995330810545,
      "y": 767.4832462596814,
      "width": 242.25,
      "height": 43.34622985519797,
      "key": "Btw-nummer"
    }
  ],
  "TVA VAL": [
    {
      "x": 617.6099533081054,
      "y": 764.9334680329051,
      "width": 349.35,
      "height": 43.34622985519797,
      "key": null
    }
  ],
  "TOTAL AMOUNT KEY": [
    {
      "x": 250.4099533081055,
      "y": 2665.538220522442,
      "width": 196.35,
      "height": 63.7444556694088,
      "key": "Bedrag:"
    }
  ],
  "TOTAL AMOUNT VAL": [
    {
      "x": 686.4599533081055,
      "y": 2675.737333429547,
      "width": 206.55,
      "height": 63.7444556694088,
      "key": null
    }
  ]
}