{
  "TVA": {
    "key": {
      "x": 1171.0559545898439,
      "y": 919.1448685756309,
      "text": "VAT Nr",
      "width": 156.24,
      "height": 101.68628977592277
    },
    "value": {
      "x": 1352.0959545898438,
      "y": 929.0654822123062,
      "text": null,
      "width": 322.4,
      "height": 84.32521591174095
    }
  },
  "DATE": {
    "key": {
      "x": 174.09595458984376,
      "y": 1082.834993580775,
      "text": "Brussels,",
      "width": 178.56,
      "height": 74.40460227506537
    },
    "value": {
      "x": 355.1359545898438,
      "y": 1077.8746867624372,
      "text": null,
      "width": 344.72,
      "height": 86.80536932090985
    }
  },
  "IBAN": {
    "key": {
      "x": 156.73595458984377,
      "y": 2644.339595131138,
      "text": "Payable to the bank account",
      "width": 577.84,
      "height": 79.36490909340289
    },
    "value": {
      "x": 861.0559545898439,
      "y": 2639.3792883128,
      "text": null,
      "width": 436.48,
      "height": 89.28552273007901
    }
  },
  "DUE_DATE": {
    "key": {
      "x": 161.69595458984375,
      "y": 2996.521379233115,
      "text": "Due date",
      "width": 223.2,
      "height": 84.32521591174039
    },
    "value": {
      "x": 851.1359545898438,
      "y": 2964.27938491392,
      "text": null,
      "width": 297.6,
      "height": 86.80536932090942
    }
  },
  "BIC_SWIFT": {
    "key": {
      "x": 1322.3359545898438,
      "y": 2631.9388280852936,
      "text": "BIC",
      "width": 79.36,
      "height": 96.72598295758556
    },
    "value": {
      "x": 1409.1359545898438,
      "y": 2636.8991349036314,
      "text": null,
      "width": 225.68,
      "height": 96.72598295758499
    }
  },
  "TOTAL_AMOUNT": {
    "key": {
      "x": 161.69595458984375,
      "y": 2522.8120780818645,
      "text": "Total amount",
      "width": 362.08,
      "height": 76.8847556842344
    },
    "value": {
      "x": 856.0959545898438,
      "y": 2541.165198172059,
      "text": null,
      "width": 233.12,
      "height": 74.40460227506537
    }
  }
}
