{
  "IBAN KEY": [
    {
      "x": 164.17595458984377,
      "y": 2636.8991349036314,
      "width": 575.36,
      "height": 104.16644318509152,
      "key": "Payable to the bank account"
    }
  ],
  "IBAN VAL": [
    {
      "x": 868.4959545898438,
      "y": 2641.8594417219692,
      "width": 431.52000000000004,
      "height": 79.36490909340344,
      "key": null
    }
  ],
  "BIC/SWIFT KEY": [
    {
      "x": 1329.7759545898439,
      "y": 2641.8594417219692,
      "width": 71.92,
      "height": 79.36490909340344,
      "key": "BIC"
    }
  ],
  "BIC/SWIFT VAL": [
    {
      "x": 1414.0959545898438,
      "y": 2634.4189814944625,
      "width": 238.08,
      "height": 89.28552273007845,
      "key": null
    }
  ],
  "DATE KEY": [
    {
      "x": 164.17595458984377,
      "y": 1073.906426170112,
      "width": 181.04000000000002,
      "height": 69.44429545672787,
      "key": "Brussels,"
    }
  ],
  "DATE VAL": [
    {
      "x": 350.1759545898438,
      "y": 1070.930249647937,
      "width": 277.76,
      "height": 69.44429545672787,
      "key": null
    }
  ],
  "DUE DATE KEY": [
    {
      "x": 156.73595458984377,
      "y": 3001.4816860514525,
      "width": 245.52,
      "height": 66.96414204755884,
      "key": "Due date"
    }
  ],
  "DUE DATE VAL": [
    {
      "x": 870.9759545898438,
      "y": 2986.6007655964395,
      "width": 322.40000000000003,
      "height": 66.96414204755884,
      "key": null
    }
  ],
  "TVA KEY": [
    {
      "x": 176.57595458984378,
      "y": 1409.7191826339192,
      "width": 302.56,
      "height": 79.36490909340316,
      "key": "Description"
    }
  ],
  "TVA VAL": [
    {
      "x": 149.29595458984375,
      "y": 1377.4771883147241,
      "width": 2209.6800000000003,
      "height": 307.53902273693734,
      "key": null
    }
  ],
  "TOTAL AMOUNT KEY": [
    {
      "x": 156.73595458984377,
      "y": 2515.3716178543577,
      "width": 381.92,
      "height": 84.32521591174095,
      "key": "Total amount"
    }
  ],
  "TOTAL AMOUNT VAL": [
    {
      "x": 851.1359545898438,
      "y": 2537.6929985368774,
      "width": 257.92,
      "height": 66.96414204755884,
      "key": null
    }
  ]
}