{
  "IBAN KEY": [
    {
      "x": 159.21595458984376,
      "y": 2644.339595131138,
      "width": 597.6800000000001,
      "height": 69.44429545672787,
      "key": "Payable to the bank account"
    }
  ],
  "IBAN VAL": [
    {
      "x": 863.5359545898438,
      "y": 2641.8594417219692,
      "width": 438.96000000000004,
      "height": 66.96414204755884,
      "key": null
    }
  ],
  "BIC/SWIFT KEY": [
    {
      "x": 1329.7759545898439,
      "y": 2650.2920238637635,
      "width": 74.4,
      "height": 59.5236818200523,
      "key": "BIC"
    }
  ],
  "BIC/SWIFT VAL": [
    {
      "x": 1404.1759545898437,
      "y": 2637.8912568179194,
      "width": 265.36,
      "height": 71.92444886589634,
      "key": null
    }
  ],
  "DATE KEY": [
    {
      "x": 166.65595458984376,
      "y": 1078.3707051449262,
      "width": 178.56,
      "height": 66.96414204755884,
      "key": "Brussels,"
    }
  ],
  "DATE VAL": [
    {
      "x": 355.1359545898438,
      "y": 1073.4103983265886,
      "width": 275.28000000000003,
      "height": 74.40460227506551,
      "key": null
    }
  ],
  "DUE DATE KEY": [
    {
      "x": 146.81595458984376,
      "y": 2991.561072414777,
      "width": 267.84000000000003,
      "height": 96.72598295758499,
      "key": "Due date"
    }
  ],
  "DUE DATE VAL": [
    {
      "x": 853.6159545898438,
      "y": 2998.5054716851396,
      "width": 287.68,
      "height": 47.12291477420769,
      "key": null
    }
  ],
  "TVA KEY": [
    {
      "x": 1178.495954589844,
      "y": 936.0099193268065,
      "width": 161.20000000000002,
      "height": 79.3649090934033,
      "key": "VAT Nr:"
    }
  ],
  "TVA VAL": [
    {
      "x": 1347.1359545898438,
      "y": 938.4900727359754,
      "width": 332.32,
      "height": 86.8053693209097,
      "key": null
    }
  ],
  "TOTAL AMOUNT KEY": [
    {
      "x": 151.77595458984376,
      "y": 2518.3478322206706,
      "width": 349.68,
      "height": 91.76567613924749,
      "key": "Total amount"
    }
  ],
  "TOTAL AMOUNT VAL": [
    {
      "x": 870.9759545898438,
      "y": 2551.0858874970095,
      "width": 210.8,
      "height": 57.04352841088383,
      "key": null
    }
  ],
  "TABLE KEY": [
    {
      "x": 169.13595458984375,
      "y": 1422.6160106369073,
      "width": 295.12,
      "height": 66.96414204755912,
      "key": "| Description"
    }
  ],
  "TABLE VAL": [
    {
      "x": 134.41595458984375,
      "y": 1380.453402681037,
      "width": 2214.6400000000003,
      "height": 404.26500569452236,
      "key": null
    }
  ]
}