{
  "IBAN KEY": [
    {
      "x": 166.65595458984376,
      "y": 2653.7641478106693,
      "width": 595.2,
      "height": 66.96414204755884,
      "key": "Payable to the bank account"
    }
  ],
  "IBAN VAL": [
    {
      "x": 868.4959545898438,
      "y": 2649.2999019494755,
      "width": 429.04,
      "height": 81.84506250257192,
      "key": null
    }
  ],
  "BIC/SWIFT KEY": [
    {
      "x": 1327.2959545898439,
      "y": 2649.2999019494755,
      "width": 79.36,
      "height": 57.04352841088383,
      "key": "BIC"
    }
  ],
  "BIC/SWIFT VAL": [
    {
      "x": 1414.0959545898438,
      "y": 2646.819748540307,
      "width": 230.64000000000001,
      "height": 66.96414204755884,
      "key": null
    }
  ],
  "DATE KEY": [
    {
      "x": 159.21595458984376,
      "y": 1074.898510240262,
      "width": 186,
      "height": 74.40460227506551,
      "key": "Brussels,"
    }
  ],
  "DATE VAL": [
    {
      "x": 352.65595458984376,
      "y": 1072.4183331785073,
      "width": 257.92,
      "height": 76.88475568423426,
      "key": null
    }
  ],
  "DUE DATE KEY": [
    {
      "x": 174.09595458984376,
      "y": 2996.521379233115,
      "width": 205.84,
      "height": 74.40460227506537,
      "key": "Due date"
    }
  ],
  "DUE DATE VAL": [
    {
      "x": 853.6159545898438,
      "y": 2969.239691732257,
      "width": 295.12,
      "height": 94.24582954841652,
      "key": null
    }
  ],
  "TVA KEY": [
    {
      "x": 1176.015954589844,
      "y": 925.5932447329872,
      "width": 151.28,
      "height": 91.76567613924749,
      "key": "VAT Nr"
    }
  ],
  "TVA VAL": [
    {
      "x": 1352.0959545898438,
      "y": 930.553551551325,
      "width": 329.84000000000003,
      "height": 79.36490909340316,
      "key": null
    }
  ],
  "TOTAL AMOUNT KEY": [
    {
      "x": 161.69595458984375,
      "y": 2525.2922314910334,
      "width": 302.56,
      "height": 69.44429545672759,
      "key": "Total amount"
    }
  ],
  "TOTAL AMOUNT VAL": [
    {
      "x": 831.2959545898437,
      "y": 2542.1572443980713,
      "width": 290.16,
      "height": 54.563375001714796,
      "key": null
    }
  ]
}