{
    "IBAN KEY": [
      {
        "key": "IBAN",
        "x": 970.5671545715333,
        "y": 2876.598608671036,
        "width": 101.721,
        "height": 47.14108367590536
      }
    ],
    "IBAN VAL": [
      {
        
        "x": 1077.2501545715334,
        "y": 2876.598608671036,
        "width": 347.34000000000003,
        "height": 39.697754674446884
      }
    ],
    "BIC/SWIFT KEY": [
      {
        "key": "BIC:",
        "x": 1436.9951545715332,
        "y": 2874.117499003883,
        "width": 76.911,
        "height": 54.58441267736383
      }
    ],
    "BIC/SWIFT VAL": [
      {
       
        "x": 1516.3871545715333,
        "y": 2866.6741700024245,
        "width": 198.48000000000002,
        "height": 64.50885134597512
      }
    ],
    "DATE KEY": [
      {
        "key": "Date facture",
        "x": 1248.4391545715332,
        "y": 858.9601591965874,
        "width": 287.796,
        "height": 62.02774167882244
      }
    ],
    "DATE VAL": [
      {
        
        "x": 1231.0721545715332,
        "y": 911.0634622067982,
        "width": 325.011,
        "height": 71.95218034743402
      }
    ],
    "DUE DATE KEY": [
      {
        "key": "Date d'échéance",
        "x": 181.60915457153322,
        "y": 2869.651531889991,
        "width": 262.986,
        "height": 49.62219334305818
      }
    ],
    "DUE DATE VAL": [
      {
       
        "x": 452.0381545715332,
        "y": 2869.1552796695773,
        "width": 186.07500000000002,
        "height": 44.659974008751966
      }
    ],
    "TVA KEY": [
      {
        "key": "N TVA Client",
        "x": 543.8351545715333,
        "y": 873.8468171995047,
        "width": 305.163,
        "height": 54.58441267736369
      }
    ],
    "TVA VAL": [
      {
    
        "x": 528.9491545715332,
        "y": 916.0256910057863,
        "width": 332.454,
        "height": 71.95218034743402
      }
    ],
    "TOTAL AMOUNT KEY": [
      {
        "key": "TOTAL TVA COMPRISE",
        "x": 174.1661545715332,
        "y": 2528.747003049217,
        "width": 506.124,
        "height": 54.58441267736383
      }
    ],
    "TOTAL AMOUNT VAL": [
      {
        
        "x": 1905.9041545715334,
        "y": 2531.228112716369,
        "width": 322.53000000000003,
        "height": 64.50885134597512
      }
    ],
    "INVOICE NO. KEY": [
      {
        "key": "Numéro",
        "x": 216.3431545715332,
        "y": 867.8921691418294,
        "width": 297.72,
        "height": 54.58441267736383
      }
    ],
    "INVOICE NO. VAL": [
      {
        
        "x": 203.9381545715332,
        "y": 929.4236964589671,
        "width": 310.125,
        "height": 42.17886434159914
      }
    ]
  }