{
  "IBAN KEY": [
    {
      "x": 831.6311545715332,
      "y": 1024.202078172462,
      "width": 200.961,
      "height": 57.06552234451665,
      "key": "DETAIL"
    }
  ],
  "IBAN VAL": [
    {
      "x": 161.7611545715332,
      "y": 1081.2676005169785,
      "width": 2101.407,
      "height": 766.6628871502454
      }
  ]
}