{
  "IBAN KEY": [
    {
      "x": 970.5671545715333,
      "y": 2869.1552796695773,
      "width": 104.202,
      "height": 62.0277416788223,
      "key": "IBAN:"
    }
  ],
  "IBAN VAL": [
    {
      "x": 1079.7311545715334,
      "y": 2861.711950668119,
      "width": 339.897,
      "height": 69.47107068028077,
      "key": null
    }
  ],
  "BIC/SWIFT KEY": [
    {
      "x": 1436.9951545715332,
      "y": 2857.2459835542268,
      "width": 79.39200000000001,
      "height": 91.80105768465732,
      "key": "BIC:"
    }
  ],
  "BIC/SWIFT VAL": [
    {
      "x": 1521.3491545715333,
      "y": 2861.711950668119,
      "width": 193.518,
      "height": 76.91439968173981,
      "key": null
    }
  ]
}