{
    "IBAN KEY": [
      {
        "x": 315.5831545715332,
        "y": 542.8667932801175,
        "width": 79.39200000000001,
        "height": 74.43329001458699,
        "key": ":25:"
      }
    ],
    "IBAN VAL": [
      {
        "x": 404.89915457153324,
        "y": 540.3856836129646,
        "width": 774.072,
        "height": 76.91439968173988,
        "key": null
      }
    ],
    "BIC/SWIFT KEY": [
      {
        "x": 258.5201545715332,
        "y": 1887.1320279799854,
        "width": 138.936,
        "height": 74.43329001458699,
        "key": "7:86"
      }
    ],
    "BIC/SWIFT VAL": [
      {
        "x": 407.38015457153324,
        "y": 1873.7340509208516,
        "width": 697.1610000000001,
        "height": 94.28216735181014,
        "key": null
      }
    ]
  }