{
  "IBAN KEY": [
    {
      "x": 117.05595458984375,
      "y": 3217.255032649143,
      "width": 104.16000000000001,
      "height": 42.16260795587019,
      "key": "IBAN"
    }
  ],
  "IBAN VAL": [
    {
      "x": 580.8159545898438,
      "y": 3214.7748792399734,
      "width": 386.88000000000005,
      "height": 44.64276136503923,
      "key": null
    }
  ],
  "BIC/SWIFT KEY": [
    {
      "x": 104.65595458984376,
      "y": 3167.651964465765,
      "width": 126.48,
      "height": 37.202301137532686,
      "key": "Swift"
    }
  ],
  "BIC/SWIFT VAL": [
    {
      "x": 585.7759545898438,
      "y": 3162.6916576474277,
      "width": 230.64000000000001,
      "height": 44.64276136503923,
      "key": null
    }
  ],
  "DATE KEY": [
    {
      "x": 1508.3359545898438,
      "y": 630.4549890418941,
      "width": 275.28000000000003,
      "height": 47.12291477420819,
      "key": "Factuurdatum"
    }
  ],
  "DATE VAL": [
    {
      "x": 2061.375954589844,
      "y": 637.8954492694007,
      "width": 317.44,
      "height": 34.722147728363936,
      "key": null
    }
  ],
  "DUE DATE KEY": [
    {
      "x": 1508.3359545898438,
      "y": 685.0183640436088,
      "width": 238.08,
      "height": 44.64276136503937,
      "key": "Vervaldatum"
    }
  ],
  "DUE DATE VAL": [
    {
      "x": 2044.015954589844,
      "y": 680.0580572252711,
      "width": 329.84000000000003,
      "height": 44.64276136503923,
      "key": null
    }
  ],
  "TVA KEY": [
    {
      "x": 1515.7759545898439,
      "y": 898.3115572321299,
      "width": 218.24,
      "height": 69.44429545672773,
      "key": "Uw BTW nr"
    }
  ],
  "TVA VAL": [
    {
      "x": 2110.9759545898437,
      "y": 898.3115572321299,
      "width": 248.00000000000003,
      "height": 59.523681820052445,
      "key": null
    }
  ],
  "TOTAL AMOUNT KEY": [
    {
      "x": 1257.8559545898438,
      "y": 2577.375453083579,
      "width": 327.36,
      "height": 59.5236818200523,
      "key": "Totaal incl. BTW"
    }
  ],
  "TOTAL AMOUNT VAL": [
    {
      "x": 1721.6159545898438,
      "y": 2564.9746860377345,
      "width": 488.56,
      "height": 66.96414204755884,
      "key": null
    }
  ]
}