{
  "IBAN KEY": [
    {
      "x": 107.13595458984376,
      "y": 3209.8145724216356,
      "width": 138.88,
      "height": 44.64276136503979,
      "key": "IBAN"
    }
  ],
  "IBAN VAL": [
    {
      "x": 588.2559545898438,
      "y": 3214.7748792399734,
      "width": 347.20000000000005,
      "height": 42.16260795587019,
      "key": null
    }
  ],
  "BIC/SWIFT KEY": [
    {
      "x": 107.13595458984376,
      "y": 3172.612271284103,
      "width": 138.88,
      "height": 47.12291477420826,
      "key": "Swift"
    }
  ],
  "BIC/SWIFT VAL": [
    {
      "x": 565.9359545898437,
      "y": 3172.612271284103,
      "width": 305.04,
      "height": 32.241994319195186,
      "key": null
    }
  ],
  "DATE KEY": [
    {
      "x": 1515.7759545898439,
      "y": 630.455007963963,
      "width": 277.76,
      "height": 49.60306818337694,
      "key": "Factuurdatum"
    }
  ],
  "DATE VAL": [
    {
      "x": 2056.4159545898438,
      "y": 632.9351613731318,
      "width": 322.40000000000003,
      "height": 39.68245454670158,
      "key": null
    }
  ],
  "DUE DATE KEY": [
    {
      "x": 1515.7759545898439,
      "y": 687.4985363748465,
      "width": 235.60000000000002,
      "height": 47.12291477420812,
      "key": "Vervaldatum"
    }
  ],
  "DUE DATE VAL": [
    {
      "x": 2063.855954589844,
      "y": 680.05807614734,
      "width": 300.08000000000004,
      "height": 49.60306818337701,
      "key": null
    }
  ],
  "TVA KEY": [
    {
      "x": 117.05595458984375,
      "y": 3304.0604019700518,
      "width": 342.24,
      "height": 42.162607955870754,
      "key": "BTW Reg. Nummer"
    }
  ],
  "TVA VAL": [
    {
      "x": 590.7359545898438,
      "y": 3309.0207087883896,
      "width": 260.40000000000003,
      "height": 37.202301137533254,
      "key": null
    }
  ],
  "TOTAL AMOUNT KEY": [
    {
      "x": 1265.2959545898439,
      "y": 2587.296066720254,
      "width": 372,
      "height": 57.04352841088383,
      "key": "Totaal incl. BTW"
    }
  ],
  "TOTAL AMOUNT VAL": [
    {
      "x": 1734.015954589844,
      "y": 2572.415146265241,
      "width": 476.16,
      "height": 71.9244488658969,
      "key": null
    }
  ]
}