{
  "INVOICE NO. KEY": [
    {
      "x": 1515.7759545898439,
      "y": 564.9789163333538,
      "width": 290.16,
      "height": 57.043528410883546,
      "key": "Factuurnummer"
    }
  ],
  "INVOICE NO. VAL": [
    {
      "x": 2133.295954589844,
      "y": 557.5384561058473,
      "width": 215.76000000000002,
      "height": 54.563375001714654,
      "key": null
    }
  ],
  "IBAN KEY": [
    {
      "x": 1513.2959545898439,
      "y": 743.5499807155799,
      "width": 106.64,
      "height": 39.68245454670158,
      "key": "Klant"
    }
  ],
  "IBAN VAL": [
    {
      "x": 1962.175954589844,
      "y": 728.6690602605669,
      "width": 409.20000000000005,
      "height": 133.92828409511782,
      "key": null
    }
  ],
  "BIC/SWIFT KEY": [
    {
      "x": 109.61595458984375,
      "y": 3170.1321178749345,
      "width": 156.24,
      "height": 37.202301137532686,
      "key": "Swift"
    }
  ],
  "BIC/SWIFT VAL": [
    {
      "x": 563.4559545898438,
      "y": 3160.211504238259,
      "width": 399.28000000000003,
      "height": 99.20613636675402,
      "key": null
    }
  ],
  "TVA KEY": [
    {
      "x": 1257.8559545898438,
      "y": 2478.169316716825,
      "width": 282.72,
      "height": 66.96414204755912,
      "key": "BTW 21,00%"
    }
  ],
  "TVA VAL": [
    {
      "x": 1734.015954589844,
      "y": 2579.8556064927475,
      "width": 486.08000000000004,
      "height": 59.5236818200523,
      "key": null
    }
  ]
}