{
  "Date KEY": [
    {
      "key": "Date KEY",
      "x": 434.49365718091707,
      "y": 43.533557653485154,
      "width": 43.42977742669594,
      "height": 20.942870581965703
    }
  ],
  "Date VAL": [
    {
      "key": "Date VAL",
      "x": 484.8634722522001,
      "y": 41.66678510234959,
      "width": 85.5760487313437,
      "height": 22.820279661691654
    }
  ],
  "IBAN KEY": [
    {
      "key": "IBAN KEY",
      "x": 29.079625040253127,
      "y": 113.00046265074299,
      "width": 21.2743108104159,
      "height": 10.827480085067098
    }
  ],
  "IBAN VAL": [
    {
      "key": "IBAN VAL",
      "x": 51.35152723292039,
      "y": 109.71479265889162,
      "width": 127.21521798930465,
      "height": 16.863617970743995
    }
  ],
  "Invoice Number KEY": [
    {
      "key": "Invoice Number KEY",
      "x": 447.9050794119719,
      "y": 3.7170776900139355,
      "width": 38.83660517227054,
      "height": 20.058852290683472
    }
  ],
  "Invoice Number VAL": [
    {
      "key": "Invoice Number VAL",
      "x": 504.65753028509573,
      "y": 4.521511573148878,
      "width": 55.10253956195677,
      "height": 20.821549014016952
    }
  ],
  "Total Amount KEY": [
    {
      "key": "Total Amount KEY",
      "x": 352.5805495493825,
      "y": 616.7820894083637,
      "width": 65.40735822890034,
      "height": 29.37877263267987
    }
  ],
  "Total Amount VAL": [
    {
      "key": "Total Amount VAL",
      "x": 447.8957679887057,
      "y": 624.0643824038923,
      "width": 76.59358081301285,
      "height": 20.424954883470107
    }
  ]
}
