{
  "IBAN KEY": [
    {
      "key": "IBAN",
      "x": 112.09595458984376,
      "y": 3212.2947258308045,
      "width": 131.44,
      "height": 39.68245454670172
    }
  ],
  "IBAN VAL": [
    {
      
      "x": 593.2159545898438,
      "y": 3212.2947258308045,
      "width": 317.44,
      "height": 47.12291477420826
    }
  ],
  "BIC/SWIFT KEY": [
    {
      "key": "Swift",
      "x": 97.21595458984376,
      "y": 3170.1321178749345,
      "width": 178.56,
      "height": 37.202301137532686
    }
  ],
  "BIC/SWIFT VAL": [
    {
    
      "x": 580.8159545898438,
      "y": 3160.211504238259,
      "width": 250.48000000000002,
      "height": 47.12291477420826
    }
  ],
  "DATE KEY": [
    {
      "key": "Factuurdatum",
      "x": 1520.735954589844,
      "y": 634.9192727472256,
      "width": 252.96,
      "height": 44.64276136503937
    }
  ],
  "DATE VAL": [
    {

      "x": 2061.375954589844,
      "y": 632.4391193380568,
      "width": 305.04,
      "height": 39.682454546701514
    }
  ],
  "DUE DATE KEY": [
    {
      "key": "Vervaldatum",
      "x": 1503.3759545898438,
      "y": 691.9628011581091,
      "width": 255.44000000000003,
      "height": 37.202301137532686
    }
  ],
  "DUE DATE VAL": [
    {
    
      "x": 2058.8959545898438,
      "y": 687.0024943397715,
      "width": 300.08000000000004,
      "height": 47.12291477420812
    }
  ],
  "TVA KEY": [
    {
      "key": "Uw BTW nr",
      "x": 1503.3759545898438,
      "y": 897.8155341191238,
      "width": 255.44000000000003,
      "height": 62.003835229221195
    }
  ],
  "TVA VAL": [
    {
  
      "x": 2110.9759545898437,
      "y": 905.2559943466302,
      "width": 267.84000000000003,
      "height": 44.64276136503923
    }
  ],
  "TOTAL AMOUNT KEY": [
    {
      "key": "Totaal incl. BTW",
      "x": 1247.9359545898437,
      "y": 2569.4389318989283,
      "width": 352.16,
      "height": 74.40460227506537
    }
  ],
  "TOTAL AMOUNT VAL": [
    {
      
      "x": 1729.0559545898439,
      "y": 2571.9190853080977,
      "width": 493.52000000000004,
      "height": 64.4839886383898
    }
  ],
  "INVOICE NO. KEY": [
    {
      "key": "Factuurnummer",
      "x": 1500.8959545898438,
      "y": 569.9392609958293,
      "width": 314.96000000000004,
      "height": 52.08322159254583
    }
  ],
  "INVOICE NO. VAL": [
    {
      
      "x": 2128.335954589844,
      "y": 572.4194144049981,
      "width": 233.12,
      "height": 52.08322159254583
    }
  ]
}