{
    "IBAN KEY": [
      {
        "key": "IBAN",
        "x": 786.9731545715332,
        "y": 2300.9811658915637,
        "width": 133.97400000000002,
        "height": 57.06552234451637
      }
    ],
    "IBAN VAL": [
      {
        
        "x": 945.7571545715332,
        "y": 2300.9811658915637,
        "width": 769.11,
        "height": 54.584412677363545
      }
    ],
    "BIC/SWIFT KEY": [
      {
        "key": "BIC",
        "x": 1052.4401545715332,
        "y": 2365.490017237539,
        "width": 86.83500000000001,
        "height": 44.65997400875225
      }
    ],
    "BIC/SWIFT VAL": [
      {
      
        "x": 1169.0471545715332,
        "y": 2363.0089075703863,
        "width": 260.505,
        "height": 44.65997400875225
      }
    ],
    "DATE KEY": [
      {
        "key": "du",
        "x": 261.0011545715332,
        "y": 572.6401187506347,
        "width": 57.063,
        "height": 47.14108367590507
      }
    ],
    "DATE VAL": [
      {
        
        "x": 330.46915457153324,
        "y": 567.6778994163288,
        "width": 213.366,
        "height": 64.50885134597533
      }
    ],
    "DUE DATE KEY": [
      {
        "key": "au",
        "x": 548.7971545715333,
        "y": 573.6325522063453,
        "width": 59.544000000000004,
        "height": 66.98996101312822
      }
    ],
    "DUE DATE VAL": [
      {
        
        "x": 595.9361545715333,
        "y": 551.3025652019692,
        "width": 275.391,
        "height": 76.91439968173981
      }
    ],
    "TVA KEY": [
      {
        "key": "Intracommunautaire",
        "x": 394.9751545715332,
        "y": 645.5847361030352,
        "width": 434.175,
        "height": 54.58441267736369
      }
    ],
    "TVA VAL": [
      {
       
        "x": 851.4791545715333,
        "y": 635.6602974344236,
        "width": 357.264,
        "height": 62.02774167882244
      }
    ],
    "TOTAL AMOUNT KEY": [
      {
        "key": "Montant total HT",
        "x": 1097.0981545715333,
        "y": 1707.4997032216074,
        "width": 374.63100000000003,
        "height": 62.0277416788223
      }
    ],
    "TOTAL AMOUNT VAL": [
      {
       
        "x": 1962.9671545715332,
        "y": 1700.0563742201487,
        "width": 205.923,
        "height": 71.95218034743388
      }
    ],
    "INVOICE NO. KEY": [
      {
        "key": "Facture",
        "x": 60.04015457153321,
        "y": 500.6879384032006,
        "width": 223.29000000000002,
        "height": 59.546632011669544
      }
    ],
    "INVOICE NO. VAL": [
      {
        
        "x": 323.0261545715332,
        "y": 510.61237707181215,
        "width": 275.391,
        "height": 44.65997400875211
      }
    ]
  }