{
    "IBAN KEY": [
      {
        "key": "Payable to the bank account",
        "x": 149.29595458984375,
        "y": 2648.3077800351875,
        "width": 592.72,
        "height": 64.48398863839037
      }
    ],
    "IBAN VAL": [
      {
        
        "x": 870.9759545898438,
        "y": 2646.819748540307,
        "width": 431.52000000000004,
        "height": 66.96414204755884
      }
    ],
    "BIC/SWIFT KEY": [
      {
        "key": "BIC",
        "x": 1327.2959545898439,
        "y": 2646.819748540307,
        "width": 74.4,
        "height": 62.00383522922077
      }
    ],
    "BIC/SWIFT VAL": [
      {
      
        "x": 1401.695954589844,
        "y": 2643.34747321685,
        "width": 243.04000000000002,
        "height": 64.4839886383898
      }
    ],
    "DATE KEY": [
      {
        "key": "Brussels,",
        "x": 171.61595458984377,
        "y": 1078.8667329884497,
        "width": 173.60000000000002,
        "height": 66.96414204755898
      }
    ],
    "DATE VAL": [
      {
        
        "x": 355.1359545898438,
        "y": 1083.8270398067875,
        "width": 255.44000000000003,
        "height": 59.523681820052445
      }
    ],
    "DUE DATE KEY": [
      {
        "key": "Due date",
        "x": 166.65595458984376,
        "y": 2996.521379233115,
        "width": 225.68,
        "height": 79.36490909340289
      }
    ],
    "DUE DATE VAL": [
      {
        
        "x": 880.8959545898438,
        "y": 2985.6086436821515,
        "width": 292.64000000000004,
        "height": 71.92444886589634
      }
    ],
    "TVA KEY": [
      {
        "key": "VAT Nr",
        "x": 1178.495954589844,
        "y": 935.0178352566564,
        "width": 141.36,
        "height": 66.96414204755898
      }
    ],
    "TVA VAL": [
      {
        
        "x": 1342.1759545898437,
        "y": 937.0019655528191,
        "width": 312.48,
        "height": 64.48398863839009
      }
    ],
    "TOTAL AMOUNT KEY": [
      {
        "key": "Total amount",
        "x": 161.69595458984375,
        "y": 2517.8517712635266,
        "width": 307.52000000000004,
        "height": 91.7656761392472
      }
    ],
    "TOTAL AMOUNT VAL": [
      {
        
        "x": 870.9759545898438,
        "y": 2535.2128451277085,
        "width": 248.00000000000003,
        "height": 69.44429545672787
      }
    ],
    "INVOICE NO. KEY": [
      {
        "key": "INVOICE",
        "x": 181.53595458984375,
        "y": 1192.4577666972104,
        "width": 297.6,
        "height": 91.76567613924763
      }
    ],
    "INVOICE NO. VAL": [
      {
        
        "x": 503.9359545898438,
        "y": 1199.8982269247172,
        "width": 319.92,
        "height": 91.76567613924763
      }
    ]
  }