{"Date KEY": [{"key": "Date KEY", "x": 293.42734806646325, "y": 204.72101388961443, "width": 69.16211021541328, "height": 16.986444679257016}], "Date VAL": [{"key": "Date VAL", "x": 293.6760219258375, "y": 221.02532412195922, "width": 72.7851503059677, "height": 17.59596520358439}], "Invoice Number KEY": [{"key": "Invoice Number KEY", "x": 45.819139378117754, "y": 205.47962850482244, "width": 74.35885117602169, "height": 14.378025495895272}], "Invoice Number VAL": [{"key": "Invoice Number VAL", "x": 49.49049034548996, "y": 222.3113012254449, "width": 75.10033348295572, "height": 14.412270751929862}], "Total Amount KEY": [{"key": "Total Amount KEY", "x": 40.88824721424678, "y": 603.6919176933267, "width": 122.30850804430374, "height": 24.799613856062503}], "Total Amount VAL": [{"key": "Total Amount VAL", "x": 425.99825023611186, "y": 606.2555702577309, "width": 116.10089874140715, "height": 15.827924019227703}]}