{
  "INVOICE NO. KEY": [
    {
      "x": 1884.1666666666665,
      "y": 23.239307596713058,
      "width": 153,
      "height": 79.35376278980867
    }
  ],
  "INVOICE NO. VAL": [
    {
      "x": 2102.333333333333,
      "y": 6.234929856039769,
      "width": 155.83333333333331,
      "height": 85.02188870336644
    }
  ],
  "DATE KEY": [
    {
      "x": 1864.3333333333333,
      "y": 181.94683317633041,
      "width": 110.49999999999999,
      "height": 56.68125913557761
    }
  ],
  "DATE VAL": [
    {
      "x": 2017.3333333333333,
      "y": 184.78089613310925,
      "width": 240.83333333333331,
      "height": 53.84719617879877
    }
  ],
  "DUE DATE KEY": [
    {
      "x": 1634.8333333333333,
      "y": 659.2030394223309,
      "width": 209.66666666666666,
      "height": 42.51094435168317
    }
  ],
  "DUE DATE VAL": [
    {
      "x": 1858.6666666666665,
      "y": 653.5349135087731,
      "width": 198.33333333333331,
      "height": 45.34500730846206
    }
  ],
  "IBAN KEY": [
    {
      "x": 116.16666666666666,
      "y": 472.1548842749247,
      "width": 107.66666666666666,
      "height": 42.51094435168325
    }
  ],
  "IBAN VAL": [
    {
      "x": 229.49999999999997,
      "y": 460.81863244780914,
      "width": 498.66666666666663,
      "height": 45.345007308462144
    }
  ],
  "BIC/SWIFT KEY": [
    {
      "x": 110.49999999999999,
      "y": 517.4998915833868,
      "width": 113.33333333333333,
      "height": 51.01313322201992
    }
  ],
  "BIC/SWIFT VAL": [
    {
      "x": 235.16666666666666,
      "y": 517.4998915833868,
      "width": 220.99999999999997,
      "height": 48.17907026524103
    }
  ],
  "TVA KEY": [
    {
      "x": 136,
      "y": 645.0327246384364,
      "width": 70.83333333333333,
      "height": 53.847196178798725
    }
  ],
  "TVA VAL": [
    {
      "x": 220.99999999999997,
      "y": 642.1986616816575,
      "width": 294.66666666666663,
      "height": 62.34938504913539
    }
  ],
  "TOTAL AMOUNT KEY": [
    {
      "x": 1527.1666666666665,
      "y": 2601.102947136162,
      "width": 232.33333333333331,
      "height": 138.869084882165
    }
  ],
  "TOTAL AMOUNT VAL": [
    {
      "x": 1818.9999999999998,
      "y": 2581.2645064387098,
      "width": 351.3333333333333,
      "height": 141.70314783894395
    }
  ]
}