{
  "INVOICE NO. KEY": [
    {
      "x": 209.50666666666666,
      "y": 860.9356499622571,
      "width": 281.18,
      "height": 55.15282750408574
    }
  ],
  "INVOICE NO. VAL": [
    {
      "x": 226.04666666666665,
      "y": 938.149608467977,
      "width": 275.66666666666663,
      "height": 35.84933787765559
    }
  ],
  "DATE KEY": [
    {
      "x": 1251.5266666666666,
      "y": 864.7963363160195,
      "width": 303.2333333333333,
      "height": 46.879903378472704
    }
  ],
  "DATE VAL": [
    {
      "x": 1262.5533333333333,
      "y": 919.949163820105,
      "width": 270.1533333333333,
      "height": 57.91046887928998
    }
  ],
  "DUE DATE KEY": [
    {
      "x": 184.69666666666666,
      "y": 2875.1169146192915,
      "width": 267.39666666666665,
      "height": 41.36462062806391
    }
  ],
  "DUE DATE VAL": [
    {
      "x": 463.12,
      "y": 2872.910751025206,
      "width": 176.42666666666665,
      "height": 41.36462062806454
    }
  ],
  "IBAN KEY": [
    {
      "x": 970.3466666666666,
      "y": 2875.6683924004105,
      "width": 107.50999999999999,
      "height": 46.87990337847239
    }
  ],
  "IBAN VAL": [
    {
      "x": 1086.1266666666666,
      "y": 2869.6017160254187,
      "width": 341.82666666666665,
      "height": 52.3951861288815
    }
  ],
  "BIC/SWIFT KEY": [
    {
      "x": 1436.2233333333334,
      "y": 2867.3954682747976,
      "width": 79.94333333333333,
      "height": 52.3951861288815
    }
  ],
  "BIC/SWIFT VAL": [
    {
      "x": 1529.9499999999998,
      "y": 2862.4317474620443,
      "width": 201.23666666666665,
      "height": 63.42575162969846
    }
  ],
  "TVA KEY": [
    {
      "x": 545.8199999999999,
      "y": 866.4509169333152,
      "width": 297.71999999999997,
      "height": 52.39518612888134
    }
  ],
  "TVA VAL": [
    {
      "x": 540.3066666666666,
      "y": 929.8766685630136,
      "width": 317.01666666666665,
      "height": 52.39518612888134
    }
  ],
  "TOTAL AMOUNT KEY": [
    {
      "x": 170.91333333333333,
      "y": 2528.205579124671,
      "width": 562.36,
      "height": 74.45631713051542
    }
  ],
  "TOTAL AMOUNT VAL": [
    {
      "x": 1891.0733333333333,
      "y": 2533.7208618750797,
      "width": 352.8533333333333,
      "height": 74.45631713051542
    }
  ]
}